DRUH;celkem_sitmap_0;sitmap_0_plne_inat;procento_0_plne_inat;celkem_1_sitmap;sitmap_1_plne_inat;procento_1_plne_inat;KAT_TAX;REDLIST
Andrena marginata;1;1;100,00000000000000;1;1;100,00000000000000;Blanokøídlí;EN
Andrena viridescens;1;1;100,00000000000000;1;1;100,00000000000000;Blanokøídlí;NT
Megalodontes thor;1;1;100,00000000000000;1;1;100,00000000000000;Blanokøídlí;EN
Pasites maculatus;1;1;100,00000000000000;1;1;100,00000000000000;Blanokøídlí;RE
Tetralonia malvae;1;1;100,00000000000000;1;1;100,00000000000000;Blanokøídlí;VU
Andrena clarkella;2;1;50,00000000000000;2;1;50,00000000000000;Blanokøídlí;
Anthophora retusa;2;1;50,00000000000000;2;1;50,00000000000000;Blanokøídlí;CR
Bombus confusus;2;1;50,00000000000000;2;1;50,00000000000000;Blanokøídlí;CR
Halictus confusus;2;1;50,00000000000000;2;1;50,00000000000000;Blanokøídlí;
Halictus kessleri;2;1;50,00000000000000;2;1;50,00000000000000;Blanokøídlí;
Megalodontes panzeri;6;3;50,00000000000000;6;3;50,00000000000000;Blanokøídlí;EN
Megalodontes plagiocephalus;2;1;50,00000000000000;2;1;50,00000000000000;Blanokøídlí;VU
Andrena florivaga;3;1;33,33333333333333;3;1;33,33333333333333;Blanokøídlí;
Halictus scabiosae;13;4;30,76923076923077;15;5;33,33333333333333;Blanokøídlí;
Andrena fulva;14;3;21,42857142857143;15;4;26,66666666666667;Blanokøídlí;
Bombus pratorum;18;5;27,77777777777778;20;5;25,00000000000000;Blanokøídlí;
Bombus pascuorum;44;10;22,72727272727273;49;12;24,48979591836735;Blanokøídlí;
Andrena labiata;5;1;20,00000000000000;5;1;20,00000000000000;Blanokøídlí;
Messor structor;5;1;20,00000000000000;5;1;20,00000000000000;Blanokøídlí;EN
Andrena cineraria;16;3;18,75000000000000;16;3;18,75000000000000;Blanokøídlí;
Andrena haemorrhoa;6;1;16,66666666666666;6;1;16,66666666666666;Blanokøídlí;
Bombus rupestris;18;3;16,66666666666666;18;3;16,66666666666666;Blanokøídlí;
Halictus quadricinctus;6;1;16,66666666666666;6;1;16,66666666666666;Blanokøídlí;NT
Bombus lapidarius;52;8;15,38461538461539;55;9;16,36363636363636;Blanokøídlí;
Bombus ruderarius;7;1;14,28571428571428;7;1;14,28571428571428;Blanokøídlí;
Bombus sylvarum;14;2;14,28571428571428;14;2;14,28571428571428;Blanokøídlí;
Osmia rufa;7;1;14,28571428571428;8;1;12,50000000000000;Blanokøídlí;
Andrena vaga;8;1;12,50000000000000;8;1;12,50000000000000;Blanokøídlí;VU
Andrena wilkella;8;1;12,50000000000000;8;1;12,50000000000000;Blanokøídlí;
Osmia bicolor;8;1;12,50000000000000;8;1;12,50000000000000;Blanokøídlí;
Bombus campestris;8;1;12,50000000000000;9;1;11,11111111111111;Blanokøídlí;
Bombus hortorum;20;2;10,00000000000000;20;2;10,00000000000000;Blanokøídlí;
Bombus terrestris;55;5;9,09090909090909;60;6;10,00000000000000;Blanokøídlí;
Halictus subauratus;11;1;9,09090909090909;12;1;8,33333333333333;Blanokøídlí;
Bombus lucorum;26;2;7,69230769230769;27;2;7,40740740740741;Blanokøídlí;
Scolia sexmaculata;13;1;7,69230769230769;14;1;7,14285714285714;Blanokøídlí;VU
Lucanus cervus;85;1;1,17647058823529;130;4;3,07692307692308;Brouci;VU
Abia nitens;2;0;0,00000000000000;2;0;0,00000000000000;Blanokøídlí;VU
Agenioideus nubecula;1;0;0,00000000000000;1;0;0,00000000000000;Blanokøídlí;VU
Allodynerus rossii;1;0;0,00000000000000;1;0;0,00000000000000;Blanokøídlí;VU
Ammophila campestris;3;0;0,00000000000000;3;0;0,00000000000000;Blanokøídlí;VU
Ancistrocerus antilope;2;0;0,00000000000000;2;0;0,00000000000000;Blanokøídlí;EN
Ancistrocerus parietum;3;0;0,00000000000000;3;0;0,00000000000000;Blanokøídlí;VU
Ancistrocerus renimacula;1;0;0,00000000000000;1;0;0,00000000000000;Blanokøídlí;VU
Andrena aeneiventris;3;0;0,00000000000000;3;0;0,00000000000000;Blanokøídlí;RE
Andrena argentata;2;0;0,00000000000000;2;0;0,00000000000000;Blanokøídlí;NT
Andrena barbilabris;2;0;0,00000000000000;2;0;0,00000000000000;Blanokøídlí;
Andrena bicolor;3;0;0,00000000000000;3;0;0,00000000000000;Blanokøídlí;
Andrena bimaculata;1;0;0,00000000000000;1;0;0,00000000000000;Blanokøídlí;NT
Andrena carantonica;3;0;0,00000000000000;3;0;0,00000000000000;Blanokøídlí;
Andrena chrysopyga;2;0;0,00000000000000;2;0;0,00000000000000;Blanokøídlí;VU
Andrena chrysosceles;2;0;0,00000000000000;2;0;0,00000000000000;Blanokøídlí;
Andrena coitana;1;0;0,00000000000000;1;0;0,00000000000000;Blanokøídlí;RE
Andrena combinata;1;0;0,00000000000000;1;0;0,00000000000000;Blanokøídlí;EN
Andrena curvungula;1;0;0,00000000000000;1;0;0,00000000000000;Blanokøídlí;VU
Andrena distinguenda;1;0;0,00000000000000;1;0;0,00000000000000;Blanokøídlí;EN
Andrena dorsata;4;0;0,00000000000000;4;0;0,00000000000000;Blanokøídlí;
Andrena falsifica;3;0;0,00000000000000;3;0;0,00000000000000;Blanokøídlí;
Andrena ferox;1;0;0,00000000000000;1;0;0,00000000000000;Blanokøídlí;EN
Andrena flavipes;13;0;0,00000000000000;13;0;0,00000000000000;Blanokøídlí;
Andrena floricola;1;0;0,00000000000000;1;0;0,00000000000000;Blanokøídlí;VU
Andrena fucata;1;0;0,00000000000000;1;0;0,00000000000000;Blanokøídlí;
Andrena fulvago;6;0;0,00000000000000;6;0;0,00000000000000;Blanokøídlí;
Andrena fulvicornis;1;0;0,00000000000000;1;0;0,00000000000000;Blanokøídlí;
Andrena gravida;11;0;0,00000000000000;11;0;0,00000000000000;Blanokøídlí;
Andrena hattorfiana;5;0;0,00000000000000;5;0;0,00000000000000;Blanokøídlí;EN
Andrena helvola;6;0;0,00000000000000;6;0;0,00000000000000;Blanokøídlí;
Andrena humilis;2;0;0,00000000000000;2;0;0,00000000000000;Blanokøídlí;
Andrena impunctata;1;0;0,00000000000000;1;0;0,00000000000000;Blanokøídlí;VU
Andrena intermedia;2;0;0,00000000000000;2;0;0,00000000000000;Blanokøídlí;
Andrena labialis;7;0;0,00000000000000;7;0;0,00000000000000;Blanokøídlí;NT
Andrena lagopus;3;0;0,00000000000000;3;0;0,00000000000000;Blanokøídlí;
Andrena lapponica;2;0;0,00000000000000;2;0;0,00000000000000;Blanokøídlí;
Andrena lathyri;1;0;0,00000000000000;1;0;0,00000000000000;Blanokøídlí;NT
Andrena minutula;8;0;0,00000000000000;8;0;0,00000000000000;Blanokøídlí;
Andrena minutuloides;5;0;0,00000000000000;5;0;0,00000000000000;Blanokøídlí;
Andrena mitis;1;0;0,00000000000000;1;0;0,00000000000000;Blanokøídlí;NT
Andrena morawitzi;1;0;0,00000000000000;1;0;0,00000000000000;Blanokøídlí;VU
Andrena nigriceps;1;0;0,00000000000000;1;0;0,00000000000000;Blanokøídlí;EN
Andrena nigroaenea;7;0;0,00000000000000;7;0;0,00000000000000;Blanokøídlí;
Andrena nitida;3;0;0,00000000000000;3;0;0,00000000000000;Blanokøídlí;
Andrena ovatula;7;0;0,00000000000000;7;0;0,00000000000000;Blanokøídlí;DD
Andrena pandellei;2;0;0,00000000000000;2;0;0,00000000000000;Blanokøídlí;NT
Andrena paucisquama;1;0;0,00000000000000;1;0;0,00000000000000;Blanokøídlí;VU
Andrena pilipes;1;0;0,00000000000000;1;0;0,00000000000000;Blanokøídlí;NT
Andrena polita;1;0;0,00000000000000;1;0;0,00000000000000;Blanokøídlí;NT
Andrena potentillae;4;0;0,00000000000000;4;0;0,00000000000000;Blanokøídlí;VU
Andrena praecox;4;0;0,00000000000000;4;0;0,00000000000000;Blanokøídlí;
Andrena propinqua;1;0;0,00000000000000;1;0;0,00000000000000;Blanokøídlí;
Andrena proxima;1;0;0,00000000000000;1;0;0,00000000000000;Blanokøídlí;DD
Andrena pusilla;2;0;0,00000000000000;2;0;0,00000000000000;Blanokøídlí;
Andrena rosae;1;0;0,00000000000000;1;0;0,00000000000000;Blanokøídlí;CR
Andrena ruficrus;2;0;0,00000000000000;2;0;0,00000000000000;Blanokøídlí;NT
Andrena rufizona;1;0;0,00000000000000;1;0;0,00000000000000;Blanokøídlí;CR
Andrena rugulosa;1;0;0,00000000000000;1;0;0,00000000000000;Blanokøídlí;NT
Andrena semilaevis;1;0;0,00000000000000;1;0;0,00000000000000;Blanokøídlí;EN
Andrena strohmella;3;0;0,00000000000000;3;0;0,00000000000000;Blanokøídlí;
Andrena subopaca;4;0;0,00000000000000;4;0;0,00000000000000;Blanokøídlí;
Andrena susterai;1;0;0,00000000000000;1;0;0,00000000000000;Blanokøídlí;EN
Andrena symphyti;1;0;0,00000000000000;1;0;0,00000000000000;Blanokøídlí;VU
Andrena taraxaci;2;0;0,00000000000000;2;0;0,00000000000000;Blanokøídlí;
Andrena tarsata;1;0;0,00000000000000;1;0;0,00000000000000;Blanokøídlí;VU
Andrena tibialis;2;0;0,00000000000000;2;0;0,00000000000000;Blanokøídlí;
Andrena tscheki;1;0;0,00000000000000;1;0;0,00000000000000;Blanokøídlí;VU
Andrena varians;2;0;0,00000000000000;2;0;0,00000000000000;Blanokøídlí;
Andrena ventralis;1;0;0,00000000000000;1;0;0,00000000000000;Blanokøídlí;NT
Antepipona deflenda;1;0;0,00000000000000;1;0;0,00000000000000;Blanokøídlí;RE
Anthocopa villosa;1;0;0,00000000000000;1;0;0,00000000000000;Blanokøídlí;VU
Anthophora crinipes;1;0;0,00000000000000;1;0;0,00000000000000;Blanokøídlí;RE
Anthophora pubescens;2;0;0,00000000000000;2;0;0,00000000000000;Blanokøídlí;VU
Aporinellus sexmaculatus;1;0;0,00000000000000;1;0;0,00000000000000;Blanokøídlí;EN
Arachnospila gibbomima;1;0;0,00000000000000;1;0;0,00000000000000;Blanokøídlí;RE
Arachnospila rufa;1;0;0,00000000000000;1;0;0,00000000000000;Blanokøídlí;VU
Astata kashmirensis;1;0;0,00000000000000;1;0;0,00000000000000;Blanokøídlí;VU
Bembecinus hungaricus;1;0;0,00000000000000;1;0;0,00000000000000;Blanokøídlí;VU
Bembix rostrata;1;0;0,00000000000000;1;0;0,00000000000000;Blanokøídlí;EN
Bembix tarsata;3;0;0,00000000000000;3;0;0,00000000000000;Blanokøídlí;EN
Bombus argillaceus;1;0;0,00000000000000;1;0;0,00000000000000;Blanokøídlí;DD
Bombus barbutellus;3;0;0,00000000000000;3;0;0,00000000000000;Blanokøídlí;NT
Bombus bohemicus;12;0;0,00000000000000;12;0;0,00000000000000;Blanokøídlí;
Bombus cryptarum;2;0;0,00000000000000;2;0;0,00000000000000;Blanokøídlí;DD
Bombus distinguendus;1;0;0,00000000000000;1;0;0,00000000000000;Blanokøídlí;EN
Bombus haematurus;2;0;0,00000000000000;2;0;0,00000000000000;Blanokøídlí;DD
Bombus humilis;3;0;0,00000000000000;3;0;0,00000000000000;Blanokøídlí;
Bombus hypnorum;7;0;0,00000000000000;7;0;0,00000000000000;Blanokøídlí;
Bombus jonellus;3;0;0,00000000000000;4;0;0,00000000000000;Blanokøídlí;VU
Bombus soroeensis;4;0;0,00000000000000;4;0;0,00000000000000;Blanokøídlí;NT
Bombus soroeensis proteus;1;0;0,00000000000000;1;0;0,00000000000000;Blanokøídlí;NT
Bombus sp.;20;0;0,00000000000000;21;0;0,00000000000000;Blanokøídlí;
Bombus sylvestris;4;0;0,00000000000000;4;0;0,00000000000000;Blanokøídlí;
Bombus vestalis;8;0;0,00000000000000;8;0;0,00000000000000;Blanokøídlí;
Bombus wurflenii;1;0;0,00000000000000;1;0;0,00000000000000;Blanokøídlí;VU
Camptopoeum frontale;2;0;0,00000000000000;2;0;0,00000000000000;Blanokøídlí;EN
Cephus pulcher;2;0;0,00000000000000;2;0;0,00000000000000;Blanokøídlí;EN
Cerambyx cerdo;30;0;0,00000000000000;47;0;0,00000000000000;Brouci;EN
Cerceris hortivaga;1;0;0,00000000000000;1;0;0,00000000000000;Blanokøídlí;CR
Cerceris quadricincta;1;0;0,00000000000000;1;0;0,00000000000000;Blanokøídlí;CR
Cerceris ruficornis;1;0;0,00000000000000;1;0;0,00000000000000;Blanokøídlí;CR
Ceropales variegata;3;0;0,00000000000000;4;0;0,00000000000000;Blanokøídlí;CR
Ceylalictus variegatus;1;0;0,00000000000000;1;0;0,00000000000000;Blanokøídlí;VU
Chalicodoma parietina;2;0;0,00000000000000;4;0;0,00000000000000;Blanokøídlí;CR
Chrysura radians;1;0;0,00000000000000;1;0;0,00000000000000;Blanokøídlí;EN
Cimbex quadrimaculatus;2;0;0,00000000000000;2;0;0,00000000000000;Blanokøídlí;EN
Coelioxys elongata;1;0;0,00000000000000;1;0;0,00000000000000;Blanokøídlí;VU
Colletes marginatus;1;0;0,00000000000000;1;0;0,00000000000000;Blanokøídlí;EN
Corynis crassicornis;1;0;0,00000000000000;1;0;0,00000000000000;Blanokøídlí;VU
Corynis obscura;1;0;0,00000000000000;1;0;0,00000000000000;Blanokøídlí;VU
Crossocerus vagabundus;2;0;0,00000000000000;2;0;0,00000000000000;Blanokøídlí;VU
Crossocerus walkeri;2;0;0,00000000000000;2;0;0,00000000000000;Blanokøídlí;VU
Cryptocheilus variabilis;1;0;0,00000000000000;2;0;0,00000000000000;Blanokøídlí;CR
Cucujus cinnaberinus;118;0;0,00000000000000;150;0;0,00000000000000;Brouci;VU
Dasylabris maura;1;0;0,00000000000000;1;0;0,00000000000000;Blanokøídlí;CR
Dasylabris regalis;1;0;0,00000000000000;1;0;0,00000000000000;Blanokøídlí;EN
Dasypoda argentata;1;0;0,00000000000000;1;0;0,00000000000000;Blanokøídlí;CR
Didineis crassicornis;3;0;0,00000000000000;3;0;0,00000000000000;Blanokøídlí;VU
Dioxys tridentata;2;0;0,00000000000000;2;0;0,00000000000000;Blanokøídlí;VU
Dolerus pachycerus;1;0;0,00000000000000;1;0;0,00000000000000;Blanokøídlí;EN
Dolichovespula norwegica;2;0;0,00000000000000;3;0;0,00000000000000;Blanokøídlí;VU
Dryudella lineata;1;0;0,00000000000000;1;0;0,00000000000000;Blanokøídlí;VU
Dryudella tricolor;1;0;0,00000000000000;1;0;0,00000000000000;Blanokøídlí;VU
Dufourea dentiventris;1;0;0,00000000000000;1;0;0,00000000000000;Blanokøídlí;EN
Ectemnius fossorius;2;0;0,00000000000000;2;0;0,00000000000000;Blanokøídlí;VU
Ectemnius guttatus;1;0;0,00000000000000;1;0;0,00000000000000;Blanokøídlí;CR
Ectemnius lituratus;1;0;0,00000000000000;1;0;0,00000000000000;Blanokøídlí;VU
Ectemnius nigritarsus;1;0;0,00000000000000;1;0;0,00000000000000;Blanokøídlí;VU
Episyron arrogans;4;0;0,00000000000000;4;0;0,00000000000000;Blanokøídlí;VU
Eumenes pomiformis;2;0;0,00000000000000;2;0;0,00000000000000;Blanokøídlí;VU
Eumenes sareptanus insolatus;2;0;0,00000000000000;2;0;0,00000000000000;Blanokøídlí;CR
Evagetes littoralis;1;0;0,00000000000000;1;0;0,00000000000000;Blanokøídlí;EN
Evagetes siculus;1;0;0,00000000000000;1;0;0,00000000000000;Blanokøídlí;EN
Evagetes subglaber;1;0;0,00000000000000;1;0;0,00000000000000;Blanokøídlí;VU
Evagetes tumidosus;1;0;0,00000000000000;1;0;0,00000000000000;Blanokøídlí;RE
Formica picea;8;0;0,00000000000000;9;0;0,00000000000000;Blanokøídlí;VU
Gorytes quinquecinctus;2;0;0,00000000000000;2;0;0,00000000000000;Blanokøídlí;VU
Halictus calceatus;1;0;0,00000000000000;1;0;0,00000000000000;Blanokøídlí;
Halictus compressus;1;0;0,00000000000000;1;0;0,00000000000000;Blanokøídlí;NT
Halictus fulvicornis;1;0;0,00000000000000;1;0;0,00000000000000;Blanokøídlí;
Halictus laevigatus;1;0;0,00000000000000;1;0;0,00000000000000;Blanokøídlí;
Halictus laticeps;1;0;0,00000000000000;1;0;0,00000000000000;Blanokøídlí;
Halictus leucaheneus;2;0;0,00000000000000;2;0;0,00000000000000;Blanokøídlí;NT
Halictus maculatus;8;0;0,00000000000000;8;0;0,00000000000000;Blanokøídlí;
Halictus pollinosus;1;0;0,00000000000000;1;0;0,00000000000000;Blanokøídlí;VU
Halictus pygmaeus;1;0;0,00000000000000;1;0;0,00000000000000;Blanokøídlí;
Halictus quadrinotatulus;1;0;0,00000000000000;1;0;0,00000000000000;Blanokøídlí;
Halictus rubicundus;4;0;0,00000000000000;4;0;0,00000000000000;Blanokøídlí;
Halictus seladonius;1;0;0,00000000000000;1;0;0,00000000000000;Blanokøídlí;RE
Halictus semitectus;1;0;0,00000000000000;1;0;0,00000000000000;Blanokøídlí;CR
Halictus sexcinctus;5;0;0,00000000000000;5;0;0,00000000000000;Blanokøídlí;
Halictus simplex;11;0;0,00000000000000;11;0;0,00000000000000;Blanokøídlí;
Halictus sp.;1;0;0,00000000000000;1;0;0,00000000000000;Blanokøídlí;
Halictus tumulorum;12;0;0,00000000000000;12;0;0,00000000000000;Blanokøídlí;
Harpactus moravicus;1;0;0,00000000000000;1;0;0,00000000000000;Blanokøídlí;VU
Harpactus sareptanus;1;0;0,00000000000000;1;0;0,00000000000000;Blanokøídlí;VU
Hoplitis ravouxi;1;0;0,00000000000000;1;0;0,00000000000000;Blanokøídlí;VU
Hylaeus cardioscapus;1;0;0,00000000000000;1;0;0,00000000000000;Blanokøídlí;EN
Hylaeus duckei;1;0;0,00000000000000;1;0;0,00000000000000;Blanokøídlí;EN
Hylaeus gibbus;3;0;0,00000000000000;3;0;0,00000000000000;Blanokøídlí;VU
Hylaeus imparilis;1;0;0,00000000000000;1;0;0,00000000000000;Blanokøídlí;RE
Hylaeus punctulatissimus;1;0;0,00000000000000;1;0;0,00000000000000;Blanokøídlí;CR
Lasioglossum brevicorne;1;0;0,00000000000000;1;0;0,00000000000000;Blanokøídlí;VU
Lasioglossum discum;1;0;0,00000000000000;1;0;0,00000000000000;Blanokøídlí;VU
Lasioglossum marginellum;1;0;0,00000000000000;1;0;0,00000000000000;Blanokøídlí;EN
Lasioglossum tricinctum;1;0;0,00000000000000;1;0;0,00000000000000;Blanokøídlí;VU
Leptochilus alpestris;1;0;0,00000000000000;1;0;0,00000000000000;Blanokøídlí;VU
Lestica alata;3;0;0,00000000000000;3;0;0,00000000000000;Blanokøídlí;EN
Lestica subterranea;2;0;0,00000000000000;2;0;0,00000000000000;Blanokøídlí;VU
Leucospis dorsigera;1;0;0,00000000000000;1;0;0,00000000000000;Blanokøídlí;VU
Liometopum microcephalum;7;0;0,00000000000000;11;0;0,00000000000000;Blanokøídlí;VU
Lithurgus cornutus;1;0;0,00000000000000;2;0;0,00000000000000;Blanokøídlí;CR
Megachile apicalis;3;0;0,00000000000000;3;0;0,00000000000000;Blanokøídlí;EN
Megachile lagopoda;1;0;0,00000000000000;1;0;0,00000000000000;Blanokøídlí;EN
Megachile leachella;1;0;0,00000000000000;1;0;0,00000000000000;Blanokøídlí;EN
Megachile pyrenaea;1;0;0,00000000000000;1;0;0,00000000000000;Blanokøídlí;CR
Megalodontes fabricii;1;0;0,00000000000000;1;0;0,00000000000000;Blanokøídlí;EN
Megalodontes flavicornis;1;0;0,00000000000000;1;0;0,00000000000000;Blanokøídlí;EN
Melecta luctuosa;3;0;0,00000000000000;3;0;0,00000000000000;Blanokøídlí;EN
Meria tripunctata;3;0;0,00000000000000;3;0;0,00000000000000;Blanokøídlí;EN
Mimesa bicolor;2;0;0,00000000000000;2;0;0,00000000000000;Blanokøídlí;CR
Mimesa equestris;1;0;0,00000000000000;1;0;0,00000000000000;Blanokøídlí;VU
Mutilla europaea;1;0;0,00000000000000;1;0;0,00000000000000;Blanokøídlí;CR
Myrmilla calva;8;0;0,00000000000000;8;0;0,00000000000000;Blanokøídlí;VU
Nanoclavelia leucoptera;1;0;0,00000000000000;1;0;0,00000000000000;Blanokøídlí;CR
Nomada armata;1;0;0,00000000000000;1;0;0,00000000000000;Blanokøídlí;EN
Nomada braunsiana;1;0;0,00000000000000;1;0;0,00000000000000;Blanokøídlí;EN
Nomada distinguenda;2;0;0,00000000000000;2;0;0,00000000000000;Blanokøídlí;CR
Nomada emarginata;1;0;0,00000000000000;1;0;0,00000000000000;Blanokøídlí;CR
Nomada femoralis;1;0;0,00000000000000;1;0;0,00000000000000;Blanokøídlí;VU
Nomada rufipes;2;0;0,00000000000000;2;0;0,00000000000000;Blanokøídlí;VU
Nomada sexfasciata;1;0;0,00000000000000;1;0;0,00000000000000;Blanokøídlí;VU
Nomada villosa;2;0;0,00000000000000;3;0;0,00000000000000;Blanokøídlí;EN
Nomioides minutissimus;1;0;0,00000000000000;1;0;0,00000000000000;Blanokøídlí;VU
Odynerus reniformis;2;0;0,00000000000000;2;0;0,00000000000000;Blanokøídlí;VU
Osmia aurulenta;6;0;0,00000000000000;7;0;0,00000000000000;Blanokøídlí;
Osmia brevicornis;3;0;0,00000000000000;3;0;0,00000000000000;Blanokøídlí;
Osmia caerulescens;3;0;0,00000000000000;3;0;0,00000000000000;Blanokøídlí;
Osmia cornuta;3;0;0,00000000000000;3;0;0,00000000000000;Blanokøídlí;EN
Osmia gallarum;1;0;0,00000000000000;1;0;0,00000000000000;Blanokøídlí;NT
Osmia leaina;1;0;0,00000000000000;1;0;0,00000000000000;Blanokøídlí;
Osmia melanogaster;1;0;0,00000000000000;1;0;0,00000000000000;Blanokøídlí;CR
Osmia nigriventris;2;0;0,00000000000000;2;0;0,00000000000000;Blanokøídlí;VU
Osmia parietina;1;0;0,00000000000000;1;0;0,00000000000000;Blanokøídlí;VU
Osmia uncinata;1;0;0,00000000000000;1;0;0,00000000000000;Blanokøídlí;
Oxybelus mandibularis;1;0;0,00000000000000;1;0;0,00000000000000;Blanokøídlí;VU
Oxybelus mucronatus;3;0;0,00000000000000;3;0;0,00000000000000;Blanokøídlí;VU
Palarus variegatus;1;0;0,00000000000000;1;0;0,00000000000000;Blanokøídlí;VU
Paracharactus gracilicornis;1;0;0,00000000000000;1;0;0,00000000000000;Blanokøídlí;EN
Pemphredon clypealis;1;0;0,00000000000000;1;0;0,00000000000000;Blanokøídlí;VU
Physetopoda daghestanica;2;0;0,00000000000000;2;0;0,00000000000000;Blanokøídlí;EN
Podagrion pachymerum;1;0;0,00000000000000;1;0;0,00000000000000;Blanokøídlí;CR
Priocnemis agilis;1;0;0,00000000000000;1;0;0,00000000000000;Blanokøídlí;VU
Psen ater;1;0;0,00000000000000;1;0;0,00000000000000;Blanokøídlí;CR
Pterocheilus phaleratus;1;0;0,00000000000000;1;0;0,00000000000000;Blanokøídlí;EN
Rhophitoides canus;1;0;0,00000000000000;1;0;0,00000000000000;Blanokøídlí;VU
Rophites algirus;1;0;0,00000000000000;1;0;0,00000000000000;Blanokøídlí;CR
Rophites hartmanni;2;0;0,00000000000000;2;0;0,00000000000000;Blanokøídlí;EN
Sapyga clavicornis;1;0;0,00000000000000;1;0;0,00000000000000;Blanokøídlí;VU
Sciapteryx costalis;1;0;0,00000000000000;1;0;0,00000000000000;Blanokøídlí;VU
Smicromyrme sicana;1;0;0,00000000000000;1;0;0,00000000000000;Blanokøídlí;EN
Sphecodes cristatus;1;0;0,00000000000000;1;0;0,00000000000000;Blanokøídlí;EN
Sphecodes intermedius;1;0;0,00000000000000;1;0;0,00000000000000;Blanokøídlí;CR
Sphecodes majalis;1;0;0,00000000000000;1;0;0,00000000000000;Blanokøídlí;VU
Sphecodes pellucidus;1;0;0,00000000000000;1;0;0,00000000000000;Blanokøídlí;VU
Sphecodes rubicundus;1;0;0,00000000000000;1;0;0,00000000000000;Blanokøídlí;EN
Spinolia unicolor;1;0;0,00000000000000;1;0;0,00000000000000;Blanokøídlí;EN
Stelis minima;1;0;0,00000000000000;1;0;0,00000000000000;Blanokøídlí;EN
Stelis phaeoptera;1;0;0,00000000000000;1;0;0,00000000000000;Blanokøídlí;EN
Stenodynerus chevrieranus;3;0;0,00000000000000;3;0;0,00000000000000;Blanokøídlí;VU
Stenodynerus xanthomelas;2;0;0,00000000000000;2;0;0,00000000000000;Blanokøídlí;EN
Symmorphus murarius;1;0;0,00000000000000;1;0;0,00000000000000;Blanokøídlí;EN
Systropha curvicornis;2;0;0,00000000000000;2;0;0,00000000000000;Blanokøídlí;VU
Systropha planidens;1;0;0,00000000000000;2;0;0,00000000000000;Blanokøídlí;EN
Tachyagetes filicornis;1;0;0,00000000000000;1;0;0,00000000000000;Blanokøídlí;VU
Tachysphex austriacus;1;0;0,00000000000000;1;0;0,00000000000000;Blanokøídlí;CR
Tachysphex nitidus;1;0;0,00000000000000;1;0;0,00000000000000;Blanokøídlí;EN
Tachysphex tarsinus;2;0;0,00000000000000;2;0;0,00000000000000;Blanokøídlí;VU
Tachytes panzeri;3;0;0,00000000000000;3;0;0,00000000000000;Blanokøídlí;VU
Tenthredo distinguenda;1;0;0,00000000000000;1;0;0,00000000000000;Blanokøídlí;VU
Tenthredo vespiformis;1;0;0,00000000000000;1;0;0,00000000000000;Blanokøídlí;VU
Thyreus orbatus;1;0;0,00000000000000;1;0;0,00000000000000;Blanokøídlí;EN
Tiphia minuta;2;0;0,00000000000000;2;0;0,00000000000000;Blanokøídlí;EN
Tiphia unicolor;2;0;0,00000000000000;2;0;0,00000000000000;Blanokøídlí;EN
Tracheliodes curvitarsis;2;0;0,00000000000000;2;0;0,00000000000000;Blanokøídlí;VU
